{
  "wer": {
    "mean": 2.194444444444444,
    "median": 1.0,
    "std": 5.206462627006917,
    "min": 1.0,
    "max": 24.88888888888889,
    "n": 20
  },
  "cpwer": {
    "mean": 2.194444444444444,
    "median": 1.0,
    "std": 3.583333333333333,
    "min": 1.0,
    "max": 12.944444444444445,
    "n": 10
  },
  "latency": {
    "mean_ms": 1106.7,
    "p95_ms": 7523.4,
    "n": 10
  },
  "mode": "pipeline",
  "split": "dev",
  "n_samples": 10
}