{
  "wer": {
    "mean": 1.2633116036574712,
    "median": 1.1836622807017543,
    "std": 0.13558589569167276,
    "min": 1.1401948326980094,
    "max": 1.5017131669114048,
    "n": 5
  },
  "cpwer": {
    "mean": 1.2633116036574712,
    "median": 1.1836622807017543,
    "std": 0.13558589569167276,
    "min": 1.1401948326980094,
    "max": 1.5017131669114048,
    "n": 5
  },
  "latency": {
    "mean_ms": 42381.6,
    "p95_ms": 51396.0,
    "median_ms": 39383.3,
    "n": 5,
    "n_for_latency_stats": 4,
    "dropped_warmup": 1
  },
  "mode": "baseline",
  "split": "eval1",
  "n_samples": 5,
  "data_note": "real_aishell5"
}