{
  "wer": {
    "mean": 1.581674039226775,
    "median": 1.3401764545899066,
    "std": 0.5894277066497542,
    "min": 0.913425925925926,
    "max": 3.185032894736842,
    "n": 18
  },
  "cpwer": {
    "mean": 1.416026939103611,
    "median": 1.270020802741067,
    "std": 0.5273062248692687,
    "min": 0.913425925925926,
    "max": 3.185032894736842,
    "n": 18
  },
  "latency": {
    "mean_ms": 38472.7,
    "p95_ms": 55562.8,
    "median_ms": 37222.8,
    "n": 18,
    "n_for_latency_stats": 17,
    "dropped_warmup": 1
  },
  "mode": "baseline",
  "split": "eval1",
  "n_samples": 18,
  "data_note": "real_aishell5"
}