{
  "wer": {
    "mean": 2.193750068454052,
    "median": 1.9816185525393446,
    "std": 1.0652568812262286,
    "min": 1.036607687614399,
    "max": 4.968229954614221,
    "n": 10
  },
  "cpwer": {
    "mean": 2.193750068454052,
    "median": 1.940298613189181,
    "std": 0.4949547451867862,
    "min": 1.633376135947631,
    "max": 3.00241882111431,
    "n": 5
  },
  "latency": {
    "mean_ms": 126475.3,
    "p95_ms": 160442.8,
    "median_ms": 127442.5,
    "n": 5,
    "n_for_latency_stats": 4,
    "dropped_warmup": 1
  },
  "mode": "pipeline",
  "split": "eval2",
  "n_samples": 5,
  "data_note": "real_aishell5"
}