{
  "wer": {
    "mean": 1.8411476153287036,
    "median": 1.5591872791519434,
    "std": 0.9403268989921661,
    "min": 0.8196656050955414,
    "max": 4.5633626097867,
    "n": 36
  },
  "cpwer": {
    "mean": 1.8069522348409837,
    "median": 1.5167758866424679,
    "std": 0.6527863581150044,
    "min": 1.1040419587300188,
    "max": 3.240565299019635,
    "n": 18
  },
  "latency": {
    "mean_ms": 76672.7,
    "p95_ms": 106179.7,
    "median_ms": 73614.8,
    "n": 18,
    "n_for_latency_stats": 17,
    "dropped_warmup": 1
  },
  "mode": "pipeline",
  "split": "eval1",
  "n_samples": 18,
  "data_note": "real_aishell5"
}