{
  "wer": {
    "mean": 1.8338863782252575,
    "median": 1.6088880721063632,
    "std": 0.5452360556157178,
    "min": 1.224780701754386,
    "max": 2.66370808678501,
    "n": 10
  },
  "cpwer": {
    "mean": 1.8338863782252575,
    "median": 1.8969637118145566,
    "std": 0.3039526353581704,
    "min": 1.2813808695609632,
    "max": 2.1812845539553614,
    "n": 5
  },
  "latency": {
    "mean_ms": 108614.7,
    "p95_ms": 119339.5,
    "median_ms": 107832.1,
    "n": 5,
    "n_for_latency_stats": 4,
    "dropped_warmup": 1
  },
  "mode": "pipeline",
  "split": "eval1",
  "n_samples": 5,
  "data_note": "real_aishell5"
}